{
  "workflow": "order-processing-workflow",
  "mode": "EAGER",
  "iterations": 5,
  "successful_runs": 5,
  "failed_runs": 0,
  "timestamp": "2026-02-05T21:16:44.188613",
  "e2e_latency_mean_ms": 18573.17042350769,
  "e2e_latency_median_ms": 20733.824253082275,
  "e2e_latency_std_ms": 4610.700886714567,
  "e2e_latency_min_ms": 13225.484848022461,
  "e2e_latency_max_ms": 23345.994472503662,
  "e2e_latency_p95_ms": 0.0,
  "cold_e2e_mean_ms": 22039.90936279297,
  "warm_e2e_mean_ms": 16262.011130650839,
  "avg_pre_resolved": 0,
  "avg_max_memory_mb": 93.4,
  "avg_total_memory_mb": 550.6,
  "avg_aggregator_memory_mb": 91,
  "memory_overhead_vs_classic_pct": 0.0,
  "avg_memory_efficiency": 0.7169270833333333,
  "cost_per_run": 2.3630880595e-05,
  "total_cost": 0.000118154402975
}