{
  "workflow": "order-processing-workflow",
  "mode": "FUTURE_BASED",
  "iterations": 5,
  "successful_runs": 5,
  "failed_runs": 0,
  "timestamp": "2026-02-05T21:19:35.707567",
  "e2e_latency_mean_ms": 13434.92169380188,
  "e2e_latency_median_ms": 11623.728275299072,
  "e2e_latency_std_ms": 2979.58027261693,
  "e2e_latency_min_ms": 11085.53957939148,
  "e2e_latency_max_ms": 17917.301654815674,
  "e2e_latency_p95_ms": 0.0,
  "cold_e2e_mean_ms": 16501.755714416504,
  "warm_e2e_mean_ms": 11390.365680058798,
  "avg_pre_resolved": 0,
  "avg_max_memory_mb": 94,
  "avg_total_memory_mb": 555.4,
  "avg_aggregator_memory_mb": 91,
  "memory_overhead_vs_classic_pct": 0.0,
  "avg_memory_efficiency": 0.7231770833333333,
  "cost_per_run": 2.32687965375e-05,
  "total_cost": 0.0001163439826875
}