{
  "workflow": "order-processing-workflow",
  "mode": "CLASSIC",
  "iterations": 5,
  "successful_runs": 5,
  "failed_runs": 0,
  "timestamp": "2026-02-05T21:13:06.561068",
  "e2e_latency_mean_ms": 16634.752321243286,
  "e2e_latency_median_ms": 16470.797777175903,
  "e2e_latency_std_ms": 2209.639862022813,
  "e2e_latency_min_ms": 14568.541288375854,
  "e2e_latency_max_ms": 20266.68930053711,
  "e2e_latency_p95_ms": 0.0,
  "cold_e2e_mean_ms": 17736.190676689148,
  "warm_e2e_mean_ms": 15900.460084279379,
  "avg_pre_resolved": 0,
  "avg_max_memory_mb": 93.8,
  "avg_total_memory_mb": 551.2,
  "avg_aggregator_memory_mb": 91,
  "memory_overhead_vs_classic_pct": 0.0,
  "avg_memory_efficiency": 0.7177083333333334,
  "cost_per_run": 1.5554197775e-05,
  "total_cost": 7.7770988875e-05
}