{
  "mode": "FUTURE_BASED",
  "iterations": 2,
  "successful_runs": 2,
  "failed_runs": 0,
  "timestamp": "2026-01-15T23:58:58.889146",
  "workflow": "progressive-aggregator",
  "e2e_latency_mean_ms": 14424.439668655396,
  "e2e_latency_median_ms": 14424.439668655396,
  "e2e_latency_std_ms": 196.21920510210634,
  "e2e_latency_min_ms": 14285.691738128662,
  "e2e_latency_max_ms": 14563.187599182129,
  "e2e_latency_p95_ms": 14563.187599182129,
  "e2e_latency_p99_ms": 14563.187599182129,
  "total_duration_mean_ms": 11274.27,
  "total_duration_median_ms": 11274.27,
  "billed_duration_mean_ms": 11276.5,
  "billed_duration_total_ms": 22553.0,
  "cold_start_rate": 0.0,
  "avg_init_duration_ms": 0.0,
  "fanin_wait_mean_ms": 18.0,
  "fanin_wait_max_ms": 18.0,
  "avg_poll_count": 0,
  "avg_pre_resolved": 0,
  "avg_dynamo_reads": 0.0,
  "avg_dynamo_writes": 0.0,
  "total_dynamo_reads": 0,
  "total_dynamo_writes": 0,
  "lambda_compute_cost": 4.81131628928e-05,
  "lambda_request_cost": 2.8e-06,
  "dynamodb_cost": 0.0,
  "total_cost": 5.09131628928e-05,
  "cost_per_run": 2.54565814464e-05
}