{
  "mode": "CLASSIC",
  "iterations": 5,
  "successful_runs": 5,
  "failed_runs": 0,
  "timestamp": "2026-01-16T00:33:03.286707",
  "workflow": "progressive-aggregator",
  "e2e_latency_mean_ms": 12639.810276031494,
  "e2e_latency_median_ms": 12572.853565216064,
  "e2e_latency_std_ms": 511.9448318549515,
  "e2e_latency_min_ms": 11894.201517105103,
  "e2e_latency_max_ms": 13198.383808135986,
  "e2e_latency_p95_ms": 13198.383808135986,
  "e2e_latency_p99_ms": 13198.383808135986,
  "total_duration_mean_ms": 10716.59,
  "total_duration_median_ms": 8909.47,
  "billed_duration_mean_ms": 16512.0,
  "billed_duration_total_ms": 82560.0,
  "cold_start_rate": 0.9142857142857143,
  "avg_init_duration_ms": 5792.075999999999,
  "fanin_wait_mean_ms": 0.0,
  "fanin_wait_max_ms": 0.0,
  "avg_poll_count": 0,
  "avg_pre_resolved": 5,
  "avg_dynamo_reads": 0.0,
  "avg_dynamo_writes": 0.0,
  "total_dynamo_reads": 0,
  "total_dynamo_writes": 0,
  "lambda_compute_cost": 0.00017612835225600004,
  "lambda_request_cost": 7e-06,
  "dynamodb_cost": 0.0,
  "total_cost": 0.00018312835225600004,
  "cost_per_run": 3.6625670451200006e-05
}