{
  "mode": "CLASSIC",
  "iterations": 5,
  "successful_runs": 5,
  "failed_runs": 0,
  "timestamp": "2026-01-16T00:37:35.130766",
  "workflow": "progressive-aggregator",
  "e2e_latency_mean_ms": 14326.117992401123,
  "e2e_latency_median_ms": 13916.292428970337,
  "e2e_latency_std_ms": 2285.5520876858914,
  "e2e_latency_min_ms": 11049.110651016235,
  "e2e_latency_max_ms": 17086.103200912476,
  "e2e_latency_p95_ms": 17086.103200912476,
  "e2e_latency_p99_ms": 17086.103200912476,
  "total_duration_mean_ms": 13473.72,
  "total_duration_median_ms": 13455.419999999998,
  "billed_duration_mean_ms": 19813.4,
  "billed_duration_total_ms": 99067.0,
  "cold_start_rate": 1.0,
  "avg_init_duration_ms": 6335.896,
  "fanin_wait_mean_ms": 0.0,
  "fanin_wait_max_ms": 0.0,
  "avg_poll_count": 0,
  "avg_pre_resolved": 0,
  "avg_dynamo_reads": 0.0,
  "avg_dynamo_writes": 0.0,
  "total_dynamo_reads": 0,
  "total_dynamo_writes": 0,
  "lambda_compute_cost": 0.00021134335601920003,
  "lambda_request_cost": 7e-06,
  "dynamodb_cost": 0.0,
  "total_cost": 0.00021834335601920003,
  "cost_per_run": 4.366867120384001e-05
}