{
  "mode": "CLASSIC",
  "iterations": 5,
  "successful_runs": 5,
  "failed_runs": 0,
  "timestamp": "2026-01-16T00:41:54.929306",
  "workflow": "progressive-aggregator",
  "e2e_latency_mean_ms": 17710.38942337036,
  "e2e_latency_median_ms": 16548.145294189453,
  "e2e_latency_std_ms": 7948.868645040559,
  "e2e_latency_min_ms": 10554.076433181763,
  "e2e_latency_max_ms": 30808.428287506104,
  "e2e_latency_p95_ms": 30808.428287506104,
  "e2e_latency_p99_ms": 30808.428287506104,
  "total_duration_mean_ms": 12056.006,
  "total_duration_median_ms": 13441.64,
  "billed_duration_mean_ms": 17986.4,
  "billed_duration_total_ms": 89932.0,
  "cold_start_rate": 0.9428571428571428,
  "avg_init_duration_ms": 5927.514,
  "fanin_wait_mean_ms": 0.0,
  "fanin_wait_max_ms": 0.0,
  "avg_poll_count": 0,
  "avg_pre_resolved": 0,
  "avg_dynamo_reads": 0.0,
  "avg_dynamo_writes": 0.0,
  "total_dynamo_reads": 0,
  "total_dynamo_writes": 0,
  "lambda_compute_cost": 0.00019185531704320004,
  "lambda_request_cost": 7e-06,
  "dynamodb_cost": 0.0,
  "total_cost": 0.00019885531704320005,
  "cost_per_run": 3.977106340864001e-05
}