{
  "mode": "FUTURE_BASED",
  "iterations": 5,
  "successful_runs": 5,
  "failed_runs": 0,
  "timestamp": "2026-01-15T23:56:17.892226",
  "workflow": "progressive-aggregator",
  "e2e_latency_mean_ms": 14584.8379611969,
  "e2e_latency_median_ms": 14503.926038742065,
  "e2e_latency_std_ms": 472.6827998525016,
  "e2e_latency_min_ms": 13997.639417648315,
  "e2e_latency_max_ms": 15315.059661865234,
  "e2e_latency_p95_ms": 15315.059661865234,
  "e2e_latency_p99_ms": 15315.059661865234,
  "total_duration_mean_ms": 11291.868,
  "total_duration_median_ms": 11290.21,
  "billed_duration_mean_ms": 11295.4,
  "billed_duration_total_ms": 56477.0,
  "cold_start_rate": 0.0,
  "avg_init_duration_ms": 0.0,
  "fanin_wait_mean_ms": 0.0,
  "fanin_wait_max_ms": 0.0,
  "avg_poll_count": 0,
  "avg_pre_resolved": 0,
  "avg_dynamo_reads": 0.0,
  "avg_dynamo_writes": 0.0,
  "total_dynamo_reads": 0,
  "total_dynamo_writes": 0,
  "lambda_compute_cost": 0.00012048450763520002,
  "lambda_request_cost": 7e-06,
  "dynamodb_cost": 0.0,
  "total_cost": 0.00012748450763520002,
  "cost_per_run": 2.5496901527040003e-05
}