{
  "mode": "FUTURE_BASED",
  "iterations": 5,
  "successful_runs": 5,
  "failed_runs": 0,
  "timestamp": "2026-01-16T00:02:51.696738",
  "workflow": "progressive-aggregator",
  "e2e_latency_mean_ms": 14417.122268676758,
  "e2e_latency_median_ms": 14280.888319015503,
  "e2e_latency_std_ms": 218.42385480104215,
  "e2e_latency_min_ms": 14246.140718460083,
  "e2e_latency_max_ms": 14733.68763923645,
  "e2e_latency_p95_ms": 14733.68763923645,
  "e2e_latency_p99_ms": 14733.68763923645,
  "total_duration_mean_ms": 11282.572,
  "total_duration_median_ms": 11237.86,
  "billed_duration_mean_ms": 11286.6,
  "billed_duration_total_ms": 56433.0,
  "cold_start_rate": 0.0,
  "avg_init_duration_ms": 0.0,
  "fanin_wait_mean_ms": 17.0,
  "fanin_wait_max_ms": 18.0,
  "avg_poll_count": 0,
  "avg_pre_resolved": 4.6,
  "avg_dynamo_reads": 0.0,
  "avg_dynamo_writes": 0.0,
  "total_dynamo_reads": 0,
  "total_dynamo_writes": 0,
  "lambda_compute_cost": 0.00012039064078080002,
  "lambda_request_cost": 7e-06,
  "dynamodb_cost": 0.0,
  "total_cost": 0.00012739064078080001,
  "cost_per_run": 2.5478128156160003e-05
}