{
  "mode": "CLASSIC",
  "iterations": 5,
  "successful_runs": 5,
  "failed_runs": 0,
  "timestamp": "2026-01-16T00:08:52.164689",
  "workflow": "progressive-aggregator",
  "e2e_latency_mean_ms": 14561.79370880127,
  "e2e_latency_median_ms": 14624.730587005615,
  "e2e_latency_std_ms": 273.7592292441576,
  "e2e_latency_min_ms": 14204.113721847534,
  "e2e_latency_max_ms": 14833.097457885742,
  "e2e_latency_p95_ms": 14833.097457885742,
  "e2e_latency_p99_ms": 14833.097457885742,
  "total_duration_mean_ms": 11239.17,
  "total_duration_median_ms": 11228.869999999999,
  "billed_duration_mean_ms": 11243.0,
  "billed_duration_total_ms": 56215.0,
  "cold_start_rate": 0.0,
  "avg_init_duration_ms": 0.0,
  "fanin_wait_mean_ms": 0.0,
  "fanin_wait_max_ms": 0.0,
  "avg_poll_count": 0,
  "avg_pre_resolved": 5,
  "avg_dynamo_reads": 0.0,
  "avg_dynamo_writes": 0.0,
  "total_dynamo_reads": 0,
  "total_dynamo_writes": 0,
  "lambda_compute_cost": 0.00011992557318400001,
  "lambda_request_cost": 7e-06,
  "dynamodb_cost": 0.0,
  "total_cost": 0.000126925573184,
  "cost_per_run": 2.53851146368e-05
}