{
  "without": {
    "mean": 1442.375,
    "std": 1158.2552071974467,
    "min": 997,
    "max": 4308,
    "values": [
      4308,
      1052,
      997,
      1005,
      1070,
      1056,
      1053,
      998
    ]
  },
  "with": {
    "mean": 1434.875,
    "std": 1085.9312576901777,
    "min": 1001,
    "max": 4121,
    "values": [
      4121,
      1036,
      1084,
      1001,
      1023,
      1102,
      1083,
      1029
    ]
  }
}