{
  "mode": "FUTURE_BASED",
  "iterations": 3,
  "successful_runs": 3,
  "failed_runs": 0,
  "timestamp": "2026-01-16T09:20:58.925848",
  "workflow": "wordcount",
  "num_mappers": 5,
  "words_per_mapper": 100,
  "total_words": 500,
  "e2e_latency_mean_ms": 15469.666666666666,
  "e2e_latency_median_ms": 15484,
  "e2e_latency_std_ms": 104.24170630478635,
  "e2e_latency_min_ms": 15359,
  "e2e_latency_max_ms": 15566,
  "e2e_latency_p95_ms": 15566,
  "e2e_latency_p99_ms": 15566,
  "total_duration_mean_ms": 46624.20333333334,
  "total_duration_median_ms": 46900.83,
  "billed_duration_mean_ms": 54561.0,
  "billed_duration_total_ms": 163683.0,
  "cold_start_rate": 1.0,
  "avg_init_duration_ms": 7931.026666666667,
  "fanin_wait_mean_ms": 0.0,
  "fanin_wait_max_ms": 0.0,
  "avg_poll_count": 0,
  "avg_pre_resolved": 0,
  "avg_s3_puts": 500,
  "avg_s3_gets": 500,
  "avg_dynamo_reads": 0.0,
  "avg_dynamo_writes": 0.0,
  "total_dynamo_reads": 0,
  "total_dynamo_writes": 0,
  "lambda_compute_cost": 0.0003491910983808001,
  "lambda_request_cost": 6.5999999999999995e-06,
  "dynamodb_cost": 0.0,
  "s3_cost": 0.008100000000000001,
  "total_cost": 0.0084557910983808,
  "cost_per_run": 0.0028185970327936002
}