{
  "workflow": "text-processing",
  "mode": "CLASSIC",
  "total_iterations": 8,
  "cold_iterations": 2,
  "warm_iterations": 6,
  "e2e_latency_mean_ms": 4360.75,
  "e2e_latency_std_ms": 3601.1491717426616,
  "e2e_latency_min_ms": 362,
  "e2e_latency_max_ms": 9148,
  "cold_e2e_mean_ms": 4319.5,
  "cold_e2e_std_ms": 5377.547070923694,
  "warm_e2e_mean_ms": 4374.5,
  "warm_e2e_std_ms": 3517.253971495377,
  "create_post_delay_mean_ms": 675.7142857142857,
  "create_post_delay_std_ms": 1226.6732401480185,
  "results": [
    {
      "session_id": "579e3daa-3aa6-424a-86fe-017da8951949",
      "mode": "CLASSIC",
      "iteration": 0,
      "is_cold": true,
      "invocation_time": 1770146807961,
      "user_mention_start": 1770146808564,
      "user_mention_end": 1770146808959,
      "find_url_start": 1770146808670,
      "find_url_end": 1770146809147,
      "shorten_url_start": 1770146809978,
      "shorten_url_end": 1770146810587,
      "create_post_start": 1770146811416,
      "create_post_end": 1770146811964,
      "publish_start": 1770146816016,
      "publish_end": 1770146816083,
      "e2e_latency_ms": 8122,
      "create_post_invocation_delay_ms": 3455,
      "fan_in_overhead_ms": 0.0
    },
    {
      "session_id": "908e7ca0-d158-4060-a620-046ea5ae254f",
      "mode": "CLASSIC",
      "iteration": 1,
      "is_cold": true,
      "invocation_time": 1770146831127,
      "user_mention_start": 0,
      "user_mention_end": 0,
      "find_url_start": 0,
      "find_url_end": 1770146831165,
      "shorten_url_start": 1770146831191,
      "shorten_url_end": 1770146831367,
      "create_post_start": 1770146831426,
      "create_post_end": 1770146831565,
      "publish_start": 1770146831587,
      "publish_end": 1770146831644,
      "e2e_latency_ms": 517,
      "create_post_invocation_delay_ms": 299,
      "fan_in_overhead_ms": 0.0
    },
    {
      "session_id": "edf08217-1d33-4e48-b931-310b758ec3d7",
      "mode": "CLASSIC",
      "iteration": 2,
      "is_cold": false,
      "invocation_time": 1770146844528,
      "user_mention_start": 0,
      "user_mention_end": 1770146844556,
      "find_url_start": 0,
      "find_url_end": 1770146844545,
      "shorten_url_start": 1770146844585,
      "shorten_url_end": 1770146844747,
      "create_post_start": 1770146844763,
      "create_post_end": 1770146844905,
      "publish_start": 1770146849137,
      "publish_end": 1770146849183,
      "e2e_latency_ms": 4655,
      "create_post_invocation_delay_ms": 235,
      "fan_in_overhead_ms": 0.0
    },
    {
      "session_id": "604465a3-8234-4893-af3f-7a71b67e1f29",
      "mode": "CLASSIC",
      "iteration": 3,
      "is_cold": false,
      "invocation_time": 1770146859381,
      "user_mention_start": 0,
      "user_mention_end": 1770146859416,
      "find_url_start": 0,
      "find_url_end": 1770146859405,
      "shorten_url_start": 1770146859401,
      "shorten_url_end": 1770146859529,
      "create_post_start": 1770146859546,
      "create_post_end": 1770146859665,
      "publish_start": 1770146859680,
      "publish_end": 1770146859743,
      "e2e_latency_ms": 362,
      "create_post_invocation_delay_ms": 165,
      "fan_in_overhead_ms": 0.0
    },
    {
      "session_id": "f4bf6e2b-9cd6-4186-9227-b4bc2494517e",
      "mode": "CLASSIC",
      "iteration": 4,
      "is_cold": false,
      "invocation_time": 1770146874782,
      "user_mention_start": 0,
      "user_mention_end": 1770146874836,
      "find_url_start": 0,
      "find_url_end": 1770146874786,
      "shorten_url_start": 1770146874796,
      "shorten_url_end": 1770146874988,
      "create_post_start": 1770146875022,
      "create_post_end": 1770146875184,
      "publish_start": 1770146875181,
      "publish_end": 1770146875243,
      "e2e_latency_ms": 461,
      "create_post_invocation_delay_ms": 240,
      "fan_in_overhead_ms": 0.0
    },
    {
      "session_id": "bc5721f7-0077-41f9-9009-dd12fb06b76d",
      "mode": "CLASSIC",
      "iteration": 5,
      "is_cold": false,
      "invocation_time": 1770146888496,
      "user_mention_start": 0,
      "user_mention_end": 1770146888555,
      "find_url_start": 0,
      "find_url_end": 1770146888505,
      "shorten_url_start": 1770146888515,
      "shorten_url_end": 1770146888668,
      "create_post_start": 1770146888692,
      "create_post_end": 1770146888826,
      "publish_start": 1770146897595,
      "publish_end": 1770146897644,
      "e2e_latency_ms": 9148,
      "create_post_invocation_delay_ms": 196,
      "fan_in_overhead_ms": 0.0
    },
    {
      "session_id": "a6a5e72d-aad0-404f-8d8f-af38d525b911",
      "mode": "CLASSIC",
      "iteration": 6,
      "is_cold": false,
      "invocation_time": 1770146903865,
      "user_mention_start": 0,
      "user_mention_end": 1770146903936,
      "find_url_start": 0,
      "find_url_end": 0,
      "shorten_url_start": 0,
      "shorten_url_end": 0,
      "create_post_start": 0,
      "create_post_end": 0,
      "publish_start": 1770146908317,
      "publish_end": 1770146908362,
      "e2e_latency_ms": 4497,
      "create_post_invocation_delay_ms": 0.0,
      "fan_in_overhead_ms": 0.0
    },
    {
      "session_id": "93a7c62d-e2a7-40dc-b000-fe6693a69370",
      "mode": "CLASSIC",
      "iteration": 7,
      "is_cold": false,
      "invocation_time": 1770146915478,
      "user_mention_start": 0,
      "user_mention_end": 1770146915536,
      "find_url_start": 0,
      "find_url_end": 0,
      "shorten_url_start": 1770146915478,
      "shorten_url_end": 1770146915627,
      "create_post_start": 1770146915618,
      "create_post_end": 1770146915724,
      "publish_start": 1770146922552,
      "publish_end": 1770146922602,
      "e2e_latency_ms": 7124,
      "create_post_invocation_delay_ms": 140,
      "fan_in_overhead_ms": 0.0
    }
  ]
}