{
  "workflow": "text-processing",
  "mode": "FUTURE_BASED",
  "total_iterations": 8,
  "cold_iterations": 2,
  "warm_iterations": 6,
  "e2e_latency_mean_ms": 2638,
  "e2e_latency_std_ms": 2763.806484852781,
  "e2e_latency_min_ms": 279,
  "e2e_latency_max_ms": 7790,
  "cold_e2e_mean_ms": 3431.5,
  "cold_e2e_std_ms": 352.8462838120872,
  "warm_e2e_mean_ms": 2373.5,
  "warm_e2e_std_ms": 3214.555568037361,
  "create_post_delay_mean_ms": 552.5,
  "create_post_delay_std_ms": 975.6298820078579,
  "results": [
    {
      "session_id": "9392125a-e539-4ba1-9b71-eaae22b92643",
      "mode": "FUTURE_BASED",
      "iteration": 0,
      "is_cold": true,
      "invocation_time": 1770146941882,
      "user_mention_start": 1770146942444,
      "user_mention_end": 1770146943112,
      "find_url_start": 1770146942602,
      "find_url_end": 1770146943085,
      "shorten_url_start": 1770146943944,
      "shorten_url_end": 1770146944386,
      "create_post_start": 1770146943897,
      "create_post_end": 1770146944483,
      "publish_start": 1770146945030,
      "publish_end": 1770146945064,
      "e2e_latency_ms": 3182,
      "create_post_invocation_delay_ms": 2015,
      "fan_in_overhead_ms": 0.0
    },
    {
      "session_id": "f19c0268-23f5-4e00-8cd5-a43bf0b1d0fd",
      "mode": "FUTURE_BASED",
      "iteration": 1,
      "is_cold": true,
      "invocation_time": 1770146961661,
      "user_mention_start": 0,
      "user_mention_end": 1770146961693,
      "find_url_start": 0,
      "find_url_end": 1770146961685,
      "shorten_url_start": 1770146961716,
      "shorten_url_end": 1770146961868,
      "create_post_start": 0,
      "create_post_end": 1770146961963,
      "publish_start": 1770146965293,
      "publish_end": 1770146965342,
      "e2e_latency_ms": 3681,
      "create_post_invocation_delay_ms": 0.0,
      "fan_in_overhead_ms": 0.0
    },
    {
      "session_id": "2ed0ed0b-2d5a-4063-b41d-3e61c608e1dc",
      "mode": "FUTURE_BASED",
      "iteration": 2,
      "is_cold": false,
      "invocation_time": 1770146977522,
      "user_mention_start": 0,
      "user_mention_end": 1770146977652,
      "find_url_start": 0,
      "find_url_end": 0,
      "shorten_url_start": 0,
      "shorten_url_end": 0,
      "create_post_start": 0,
      "create_post_end": 0,
      "publish_start": 1770146977771,
      "publish_end": 1770146977822,
      "e2e_latency_ms": 300,
      "create_post_invocation_delay_ms": 0.0,
      "fan_in_overhead_ms": 0.0
    },
    {
      "session_id": "4f7d1049-14f8-484c-89a3-ed00a4057922",
      "mode": "FUTURE_BASED",
      "iteration": 3,
      "is_cold": false,
      "invocation_time": 1770146989223,
      "user_mention_start": 0,
      "user_mention_end": 1770146989332,
      "find_url_start": 0,
      "find_url_end": 0,
      "shorten_url_start": 0,
      "shorten_url_end": 1770146989349,
      "create_post_start": 1770146989270,
      "create_post_end": 1770146989425,
      "publish_start": 1770146989448,
      "publish_end": 1770146989502,
      "e2e_latency_ms": 279,
      "create_post_invocation_delay_ms": 47,
      "fan_in_overhead_ms": 0.0
    },
    {
      "session_id": "79022c82-74d5-40e0-bd96-6f29e25f7840",
      "mode": "FUTURE_BASED",
      "iteration": 4,
      "is_cold": false,
      "invocation_time": 1770147003163,
      "user_mention_start": 0,
      "user_mention_end": 0,
      "find_url_start": 0,
      "find_url_end": 0,
      "shorten_url_start": 0,
      "shorten_url_end": 0,
      "create_post_start": 0,
      "create_post_end": 0,
      "publish_start": 1770147003572,
      "publish_end": 1770147003622,
      "e2e_latency_ms": 459,
      "create_post_invocation_delay_ms": 0.0,
      "fan_in_overhead_ms": 0.0
    },
    {
      "session_id": "d5efad75-1ace-4bf8-86ef-ba5416defabc",
      "mode": "FUTURE_BASED",
      "iteration": 5,
      "is_cold": false,
      "invocation_time": 1770147014064,
      "user_mention_start": 0,
      "user_mention_end": 0,
      "find_url_start": 0,
      "find_url_end": 0,
      "shorten_url_start": 0,
      "shorten_url_end": 0,
      "create_post_start": 0,
      "create_post_end": 0,
      "publish_start": 1770147014500,
      "publish_end": 1770147014562,
      "e2e_latency_ms": 498,
      "create_post_invocation_delay_ms": 0.0,
      "fan_in_overhead_ms": 0.0
    },
    {
      "session_id": "8d767c93-3b54-4195-9f6d-2308d20683c0",
      "mode": "FUTURE_BASED",
      "iteration": 6,
      "is_cold": false,
      "invocation_time": 1770147024312,
      "user_mention_start": 0,
      "user_mention_end": 1770147024472,
      "find_url_start": 0,
      "find_url_end": 1770147024345,
      "shorten_url_start": 1770147024374,
      "shorten_url_end": 1770147024510,
      "create_post_start": 1770147024426,
      "create_post_end": 1770147024585,
      "publish_start": 1770147032052,
      "publish_end": 1770147032102,
      "e2e_latency_ms": 7790,
      "create_post_invocation_delay_ms": 114,
      "fan_in_overhead_ms": 0.0
    },
    {
      "session_id": "42e2a4f9-785c-4051-ab4c-89c7d913a375",
      "mode": "FUTURE_BASED",
      "iteration": 7,
      "is_cold": false,
      "invocation_time": 1770147038107,
      "user_mention_start": 0,
      "user_mention_end": 1770147038212,
      "find_url_start": 0,
      "find_url_end": 0,
      "shorten_url_start": 0,
      "shorten_url_end": 1770147038230,
      "create_post_start": 1770147038141,
      "create_post_end": 1770147038305,
      "publish_start": 1770147042969,
      "publish_end": 1770147043022,
      "e2e_latency_ms": 4915,
      "create_post_invocation_delay_ms": 34,
      "fan_in_overhead_ms": 0.0
    }
  ]
}