{
  "workflow": "multi-source-dashboard",
  "mode": "EAGER",
  "iterations": 10,
  "successful_runs": 10,
  "failed_runs": 0,
  "timestamp": "2026-02-01T21:46:14.723761",
  "e2e_latency_mean_ms": 12113.164329528809,
  "e2e_latency_median_ms": 11191.080808639526,
  "e2e_latency_std_ms": 2338.585340833582,
  "e2e_latency_min_ms": 10246.109247207642,
  "e2e_latency_max_ms": 17323.484659194946,
  "e2e_latency_p95_ms": 0.0,
  "cold_e2e_mean_ms": 16372.359037399292,
  "warm_e2e_mean_ms": 11048.365652561188,
  "avg_pre_resolved": 6,
  "avg_max_memory_mb": 93.7,
  "avg_total_memory_mb": 739.3,
  "avg_aggregator_memory_mb": 0,
  "memory_overhead_vs_classic_pct": 0.0,
  "avg_memory_efficiency": 0.72197265625,
  "cost_per_run": 2.1806501946250004e-05,
  "total_cost": 0.00021806501946250003
}