{
  "workflow": "multi-source-dashboard",
  "mode": "FUTURE_BASED",
  "iterations": 10,
  "successful_runs": 10,
  "failed_runs": 0,
  "timestamp": "2026-02-01T21:50:42.436686",
  "e2e_latency_mean_ms": 11637.237620353699,
  "e2e_latency_median_ms": 10943.21358203888,
  "e2e_latency_std_ms": 2391.5388508041347,
  "e2e_latency_min_ms": 9688.278913497925,
  "e2e_latency_max_ms": 18068.735122680664,
  "e2e_latency_p95_ms": 0.0,
  "cold_e2e_mean_ms": 11161.551594734192,
  "warm_e2e_mean_ms": 11756.159126758575,
  "avg_pre_resolved": 6,
  "avg_max_memory_mb": 93,
  "avg_total_memory_mb": 736.5,
  "avg_aggregator_memory_mb": 0,
  "memory_overhead_vs_classic_pct": 0.0,
  "avg_memory_efficiency": 0.71923828125,
  "cost_per_run": 2.2888587443749998e-05,
  "total_cost": 0.0002288858744375
}