{
  "workflow": "multi-source-dashboard",
  "mode": "CLASSIC",
  "iterations": 10,
  "successful_runs": 10,
  "failed_runs": 0,
  "timestamp": "2026-02-01T21:41:41.585522",
  "e2e_latency_mean_ms": 14100.069308280945,
  "e2e_latency_median_ms": 12855.798721313477,
  "e2e_latency_std_ms": 3950.183079134736,
  "e2e_latency_min_ms": 11399.848937988281,
  "e2e_latency_max_ms": 24855.61466217041,
  "e2e_latency_p95_ms": 0.0,
  "cold_e2e_mean_ms": 13355.068564414978,
  "warm_e2e_mean_ms": 14286.319494247437,
  "avg_pre_resolved": 6,
  "avg_max_memory_mb": 93,
  "avg_total_memory_mb": 738.4,
  "avg_aggregator_memory_mb": 0,
  "memory_overhead_vs_classic_pct": 0.0,
  "avg_memory_efficiency": 0.72109375,
  "cost_per_run": 1.7863994061250003e-05,
  "total_cost": 0.00017863994061250002
}